Time (s),Volume (m^3),He,Ar,Ne,X(1),O2(2),H2O(3),N2(4),NO(5),NH3(6),N2O(7),H3NX(29),OX(10),H2NX(28),HOX(13)
0.0,0.043484688560000005,0.06,0.0,0.0,0.03084927986715153,0.88,0.0,0.0,0.0,0.06,0.0,0.0,0.0,0.0,0.0
4.348758215810198e-24,0.043484688560000005,0.06,0.0,0.0,0.030849279867151528,0.88,0.0,0.0,0.0,0.06,0.0,1.502828921397793e-18,1.114228533643936e-18,1.0631202967134962e-52,1.0631202967134962e-52
1.2176523004268555e-23,0.043484688560000005,0.06,0.0,0.0,0.030849279867151524,0.88,0.0,0.0,0.0,0.06,0.0,4.207920979913815e-18,3.119839894203021e-18,1.6065873848552432e-51,1.6065873848552432e-51
2.783205258118527e-23,0.043484688560000005,0.06,0.0,0.0,0.030849279867151514,0.88,0.0,0.0,0.0,0.05999999999999999,0.0,9.618105096945829e-18,7.131062615321187e-18,1.7282933953307288e-50,1.7282933953307288e-50
5.91431117350187e-23,0.043484688560000005,0.06,0.0,0.0,0.030849279867151497,0.88,0.0,0.0,0.0,0.05999999999999998,0.0,2.0438473331009746e-17,1.515350805755751e-17,1.5885993889963875e-49,1.5885993889963875e-49
1.2176523004268556e-22,0.043484688560000005,0.06,0.0,0.0,0.03084927986715146,0.88,0.0,0.0,0.0,0.059999999999999956,0.0,4.2079209799137135e-17,3.1198398942030117e-17,1.3590802230467211e-48,1.3590802230467211e-48
2.470094666580193e-22,0.043484688560000005,0.06,0.0,0.0,0.030849279867151382,0.88,0.0,0.0,0.0,0.059999999999999915,0.0,8.536068273539015e-17,6.328818071097517e-17,1.1237138104492036e-47,1.1237138104492036e-47
4.974979398886867e-22,0.043484688560000005,0.06,0.0,0.0,0.030849279867151233,0.88,0.0,0.0,0.0,0.05999999999999983,0.0,1.7192362860788905e-16,1.2746774424886466e-16,9.13785408490518e-47,9.13785408490518e-47
9.984748863500217e-22,0.043484688560000005,0.06,0.0,0.0,0.03084927986715093,0.8799999999999999,0.0,0.0,0.0,0.05999999999999966,0.0,3.4504952035285846e-16,2.5582687132464116e-16,7.37001036097312e-46,7.37001036097312e-46
2.0004287792726914e-21,0.043484688560000005,0.06,0.0,0.0,0.030849279867150328,0.8799999999999998,0.0,0.0,0.0,0.05999999999999931,0.0,6.913013038426835e-16,5.125451254761842e-16,5.919993120289271e-45,5.919993120289271e-45
4.0043365651180305e-21,0.043484688560000005,0.06,0.0,0.0,0.03084927986714912,0.8799999999999996,0.0,0.0,0.0,0.05999999999999862,0.0,1.3838048708218787e-15,1.0259816337792297e-15,4.745607234071255e-44,4.745607234071255e-44
8.01215213680871e-21,0.043484688560000005,0.06,0.0,0.0,0.03084927986714671,0.879999999999999,0.0,0.0,0.0,0.05999999999999723,0.0,2.768812004778449e-15,2.052854650385159e-15,3.800334644075633e-43,3.800334644075633e-43
1.6027783280190067e-20,0.043484688560000005,0.06,0.0,0.0,0.030849279867141886,0.879999999999998,0.0,0.0,0.0,0.05999999999999446,0.0,5.538826272684311e-15,4.106600683596374e-15,3.0418080103846275e-42,3.0418080103846275e-42
3.205904556695278e-20,0.043484688560000005,0.06,0.0,0.0,0.030849279867132238,0.879999999999996,0.0,0.0,0.0,0.05999999999998892,0.0,1.1078854808466921e-14,8.214092750016226e-15,2.434062676837215e-41,2.434062676837215e-41
6.412157014047821e-20,0.043484688560000005,0.06,0.0,0.0,0.030849279867112944,0.8799999999999919,0.0,0.0,0.0,0.05999999999997784,0.0,2.215891187991568e-14,1.6429076882845615e-14,1.94749667896883e-40,1.94749667896883e-40
1.2824661928752908e-19,0.043484688560000005,0.06,0.0,0.0,0.030849279867074354,0.8799999999999837,0.0,0.0,0.0,0.05999999999995568,0.0,4.4319026022347343e-14,3.2859045148463136e-14,1.558095964177228e-39,1.558095964177228e-39
2.564967175816308e-19,0.043484688560000005,0.06,0.0,0.0,0.030849279866997172,0.8799999999999673,0.0,0.0,0.0,0.05999999999991136,0.0,8.863925430534732e-14,6.571898167953312e-14,1.2465162209192057e-38,1.2465162209192057e-38
5.129969141698343e-19,0.043484688560000005,0.06,0.0,0.0,0.030849279866842813,0.8799999999999344,0.0,0.0,0.0,0.05999999999982272,0.0,1.7727971086389374e-13,1.3143885474101298e-13,9.972287567633144e-38,9.972287567633144e-38
1.0259973073462412e-18,0.043484688560000005,0.06,0.0,0.0,0.03084927986653409,0.8799999999998687,0.0,0.0,0.0,0.05999999999964544,0.0,3.5456062395117256e-13,2.628786008613322e-13,7.977893173998984e-37,7.977893173998984e-37
2.051998093699055e-18,0.043484688560000005,0.06,0.0,0.0,0.03084927986591665,0.8799999999997372,0.0,0.0,0.0,0.05999999999929088,0.0,7.091224500064737e-13,5.257580930914083e-13,6.382339786131024e-36,6.382339786131024e-36
4.103999666404683e-18,0.043484688560000005,0.06,0.0,0.0,0.030849279864681767,0.8799999999994743,0.0,0.0,0.0,0.05999999999858176,0.0,1.418246101640051e-12,1.0515170775093116e-12,5.105881925902477e-35,5.105881925902477e-35
8.208002811815938e-18,0.043484688560000005,0.06,0.0,0.0,0.030849279862212003,0.8799999999989485,0.0,0.0,0.0,0.05999999999716351,0.0,2.8364934029991058e-12,2.103035046176123e-12,4.084709576653952e-34,4.084709576653952e-34
1.641600910263845e-17,0.043484688560000005,0.06,0.0,0.0,0.030849279857272472,0.879999999997897,0.0,0.0,0.0,0.059999999994327015,0.0,5.672987998084813e-12,4.206070982833764e-12,3.267769271103211e-33,3.267769271103211e-33
3.283202168428347e-17,0.043484688560000005,0.06,0.0,0.0,0.030849279847393413,0.879999999995794,0.0,0.0,0.0,0.059999999988654025,0.0,1.1345977157726625e-11,8.412142853445123e-12,2.6142160534451257e-32,2.6142160534451257e-32
6.566404684757351e-17,0.043484688560000005,0.06,0.0,0.0,0.03084927982763529,0.879999999991588,0.0,0.0,0.0,0.059999999977308045,0.0,2.2691955354891837e-11,1.682428658385213e-11,2.091373085621767e-31,2.091373085621767e-31
1.313280971741536e-16,0.043484688560000005,0.06,0.0,0.0,0.030849279788119046,0.8799999999831758,0.0,0.0,0.0,0.059999999954616086,0.0,4.53839112607486e-11,3.3648574001403337e-11,1.6730985468286668e-30,1.6730985468286668e-30
2.626561978273138e-16,0.043484688560000005,0.06,0.0,0.0,0.030849279709086564,0.8799999999663515,0.0,0.0,0.0,0.05999999990923218,0.0,9.076782111856762e-11,6.729714866345452e-11,1.3384788386914078e-29,1.3384788386914078e-29
3.9398429848047395e-16,0.043484688560000005,0.06,0.0,0.0,0.03084927963005408,0.8799999999495272,0.0,0.0,0.0,0.05999999986384827,0.0,1.361517290224922e-10,1.009457231524544e-10,3.9736090195346086e-29,3.9736090195346086e-29
5.253123991336341e-16,0.043484688560000005,0.06,0.0,0.0,0.0308492795510216,0.8799999999327028,0.0,0.0,0.0,0.05999999981846437,0.0,1.8153563497252245e-10,1.3459429746840303e-10,8.658284801246839e-29,8.658284801246839e-29
7.8796860043995445e-16,0.043484688560000005,0.06,0.0,0.0,0.030849279392956643,0.8799999998990543,0.0,0.0,0.0,0.05999999972769657,0.0,2.723034422869127e-10,2.018914456941597e-10,2.5132328980176374e-28,2.5132328980176374e-28
1.0506248017462748e-15,0.043484688560000005,0.06,0.0,0.0,0.03084927923489169,0.8799999998654058,0.0,0.0,0.0,0.05999999963692876,0.0,3.6307124241613735e-10,2.691885932835452e-10,5.49615672995098e-28,5.49615672995098e-28
1.3132810030525952e-15,0.043484688560000005,0.06,0.0,0.0,0.030849279076826754,0.8799999998317573,0.0,0.0,0.0,0.05999999954616096,0.0,4.5383903484697065e-10,3.364857401911046e-10,1.0311537693600464e-27,1.0311537693600464e-27
1.838593405665236e-15,0.043484688560000005,0.06,0.0,0.0,0.0308492787606969,0.8799999997644601,0.0,0.0,0.0,0.059999999364625405,0.0,6.353745961298987e-10,4.710800319179167e-10,2.821424341260089e-27,2.821424341260089e-27
2.3639058082778766e-15,0.043484688560000005,0.06,0.0,0.0,0.030849278444567085,0.8799999996971629,0.0,0.0,0.0,0.059999999183089875,0.0,8.169101261455878e-10,6.05674320875472e-10,5.947905315198051e-27,5.947905315198051e-27
3.414530613503158e-15,0.043484688560000005,0.06,0.0,0.0,0.030849277812307545,0.8799999995625686,0.0,0.0,0.0,0.05999999882001891,0.0,1.1799810923884573e-09,8.748628904839813e-10,1.8142953223250158e-26,1.8142953223250158e-26
5.515780223953721e-15,0.043484688560000005,0.06,0.0,0.0,0.030849276547788882,0.87999999929338,0.0,0.0,0.0,0.05999999809387735,0.0,1.9061226497232643e-09,1.4132399964748635e-09,7.872379612176948e-26,7.872379612176948e-26
9.718279444854846e-15,0.043484688560000005,0.06,0.0,0.0,0.03084927401875319,0.879999998755003,0.0,0.0,0.0,0.059999996641595735,0.0,3.3584042638029346e-09,2.4899940755532673e-09,4.450694743253447e-25,4.450694743253447e-25
1.8123277886657096e-14,0.043484688560000005,0.06,0.0,0.0,0.030849268960688337,0.8799999976782491,0.0,0.0,0.0,0.05999999373703851,0.0,6.262961489619121e-09,4.643501702097801e-09,2.9593873923250965e-24,2.9593873923250965e-24
3.49332747702616e-14,0.043484688560000005,0.06,0.0,0.0,0.030849258844584768,0.8799999955247427,0.0,0.0,0.0,0.05999998792794806,0.0,1.2072051931981245e-08,8.95051482874442e-09,2.1521996548708902e-23,2.1521996548708902e-23
6.85532685374706e-14,0.043484688560000005,0.06,0.0,0.0,0.03084923861248217,0.8799999912177338,0.0,0.0,0.0,0.059999976309863215,0.0,2.3690136780353335e-08,1.756453257631303e-08,1.640401883356634e-22,1.640401883356634e-22
1.021732623046796e-13,0.043484688560000005,0.06,0.0,0.0,0.03084921838051896,0.8799999869107306,0.0,0.0,0.0,0.05999996469190642,0.0,3.530809358120038e-08,2.6178538982973838e-08,5.1400027739101835e-22,5.1400027739101835e-22
1.3579325607188862e-13,0.043484688560000005,0.06,0.0,0.0,0.03084919814869514,0.879999982603733,0.0,0.0,0.0,0.05999995307407767,0.0,4.692592233583997e-08,3.4792534048808185e-08,1.164896311359262e-21,1.164896311359262e-21
1.694132498390976e-13,0.043484688560000005,0.06,0.0,0.0,0.03084917791701071,0.8799999782967411,0.0,0.0,0.0,0.05999994145637695,0.0,5.8543623045633014e-08,4.340651777390008e-08,2.2133845996795514e-21,2.2133845996795514e-21
2.3665323737351564e-13,0.043484688560000005,0.06,0.0,0.0,0.030849137454059983,0.8799999696827744,0.0,0.0,0.0,0.05999991822135966,0.0,8.177864033572392e-08,6.063445120216777e-08,5.861528921359781e-21,5.861528921359781e-21
3.038932249079336e-13,0.043484688560000005,0.06,0.0,0.0,0.030849096991666793,0.8799999610688303,0.0,0.0,0.0,0.059999894986854534,0.0,1.050131454623846e-07,7.786233926845026e-08,1.2233652557915117e-20,1.2233652557915117e-20
3.711332124423516e-13,0.043484688560000005,0.06,0.0,0.0,0.030849056529831116,0.879999952454909,0.0,0.0,0.0,0.05999987175286156,0.0,1.2824713843710214e-07,9.509018197345641e-08,2.21458874934173e-20,2.21458874934173e-20
5.056131875111877e-13,0.043484688560000005,0.06,0.0,0.0,0.030848975607832244,0.8799999352271344,0.0,0.0,0.0,0.05999982528641202,0.0,1.7471358797541437e-07,1.2954573130239843e-07,5.576708509433605e-20,5.576708509433605e-20
6.400931625800236e-13,0.043484688560000005,0.06,0.0,0.0,0.030848894688063292,0.8799999179994504,0.0,0.0,0.0,0.05999977882201096,0.0,2.2117798903964017e-07,1.6400109919448464e-07,1.1304687284902963e-19,1.1304687284902963e-19
7.745731376488596e-13,0.043484688560000005,0.06,0.0,0.0,0.030848813770524154,0.8799999007718572,0.0,0.0,0.0,0.05999973235965828,0.0,2.676403417181779e-07,1.984562856551699e-07,2.002655344340946e-19,2.002655344340946e-19
1e-12,0.043484688560000005,0.06,0.0,0.0,0.030848678134609956,0.879999871893692,0.0,0.0,0.0,0.0599996544800743,0.0,3.455199256984286e-07,2.5621261587612694e-07,4.3087767434751493e-19,4.3087767434751493e-19
1.0435330877865315e-12,0.043484688560000005,0.06,0.0,0.0,0.03084865194213495,0.8799998663169428,0.0,0.0,0.0,0.05999963944109773,0.0,3.60558902271587e-07,2.6736611430414484e-07,4.896253365645664e-19,4.896253365645664e-19
1.3124930379242034e-12,0.043484688560000005,0.06,0.0,0.0,0.030848490122663892,0.8799998318623913,0.0,0.0,0.0,0.059999546530729655,0.0,4.534692703429783e-07,3.362752172929714e-07,9.740954965752218e-19,9.740954965752218e-19
1.5814529880618754e-12,0.043484688560000005,0.06,0.0,0.0,0.030848328312110214,0.8799997974082026,0.0,0.0,0.0,0.059999453628553356,0.0,5.463714466399106e-07,4.0518359466531113e-07,1.7039377455301e-18,1.7039377455301e-18
2.119372888337219e-12,0.043484688560000005,0.06,0.0,0.0,0.03084800471775204,0.8799997285009136,0.0,0.0,0.0,0.05999926784877325,0.0,7.321512267407567e-07,5.429981727351824e-07,4.100772908802834e-18,4.100772908802834e-18
3.1952126888879073e-12,0.043484688560000005,0.06,0.0,0.0,0.030847357636011326,0.8799995906906881,0.0,0.0,0.0,0.05999889638748321,0.0,1.1036125167779398e-06,8.186186233979431e-07,1.4049749015954517e-17,1.4049749015954517e-17
4.130804864696814e-12,0.043484688560000005,0.06,0.0,0.0,0.03084679502446137,0.8799994708502682,0.0,0.0,0.0,0.05999857345677337,0.0,1.4265432266053676e-06,1.0582994634917714e-06,3.035402617952402e-17,3.035402617952402e-17
5.0663970405057205e-12,0.043484688560000005,0.06,0.0,0.0,0.030846232520719736,0.8799993510142354,0.0,0.0,0.0,0.059998250625097165,0.0,1.7493749027766093e-06,1.2979715289060277e-06,5.599562313782281e-17,5.599562313782281e-17
6.001989216314627e-12,0.043484688560000005,0.06,0.0,0.0,0.03084567012475482,0.8799992311825892,0.0,0.0,0.0,0.059997927892424856,0.0,2.0721075750459567e-06,1.537634821476661e-06,9.308651164638757e-17,9.308651164638757e-17
6.937581392123533e-12,0.043484688560000005,0.06,0.0,0.0,0.030845107836535046,0.8799991113553284,0.0,0.0,0.0,0.05999760525872669,0.0,2.3947412731585013e-06,1.7772893430390244e-06,1.4373754752659967e-16,1.4373754752659967e-16
7.87317356793244e-12,0.043484688560000005,0.06,0.0,0.0,0.03084454565602883,0.8799989915324522,0.0,0.0,0.0,0.059997282723972936,0.0,2.7172760268502558e-06,2.0169350954278804e-06,2.1005848410180725e-16,2.1005848410180725e-16
9.744357919550254e-12,0.043484688560000005,0.06,0.0,0.0,0.030843421618030838,0.8799987518998498,0.0,0.0,0.0,0.05999663795117973,0.0,3.362048819873499e-06,2.496200300021389e-06,3.981439798680479e-16,3.981439798680479e-16
1e-11,0.043484688560000005,0.06,0.0,0.0,0.03084326808486331,0.8799987191624926,0.0,0.0,0.0,0.05999654989272634,0.0,3.4501072732208188e-06,2.5616750141426346e-06,4.302941043538466e-16,4.302941043538466e-16
1.1615542271168067e-11,0.043484688560000005,0.06,0.0,0.0,0.03084229801050843,0.8799985122847747,0.0,0.0,0.0,0.05999599357380749,0.0,4.006426191826346e-06,2.975430449923747e-06,6.741994850873781e-16,6.741994850873781e-16
1.348672662278588e-11,0.043484688560000005,0.06,0.0,0.0,0.030841174833209358,0.8799982726872195,0.0,0.0,0.0,0.05999534959161867,0.0,4.650408380269477e-06,3.454625559791763e-06,1.0550632870354799e-15,1.0550632870354799e-15
1.5817133727154323e-11,0.043484688560000005,0.06,0.0,0.0,0.030839776608900048,0.8799979743125425,0.0,0.0,0.0,0.05999454811666356,0.0,5.451883334731225e-06,4.051374913342498e-06,1.7013880586563748e-15,1.7013880586563748e-15
1.8147540831522766e-11,0.043484688560000005,0.06,0.0,0.0,0.030838379051018102,0.8799976759650145,0.0,0.0,0.0,0.0599937472538376,0.0,6.252746159831139e-06,4.64806996846163e-06,2.5688240178273022e-15,2.5688240178273022e-15
2.2808355040259653e-11,0.043484688560000005,0.06,0.0,0.0,0.030835585932591416,0.8799970793513491,0.0,0.0,0.0,0.05999214736274138,0.0,7.852637253527017e-06,5.841297296395115e-06,5.096649101518142e-15,5.096649101518142e-15
2.6903337169562205e-11,0.043484688560000005,0.06,0.0,0.0,0.03083313409951339,0.8799965552572497,0.0,0.0,0.0,0.05999074371786216,0.0,9.256282129479864e-06,6.889485491944651e-06,8.359435542003542e-15,8.359435542003542e-15
3.099831929886476e-11,0.043484688560000005,0.06,0.0,0.0,0.0308306843170554,0.8799960312467722,0.0,0.0,0.0,0.05998934195635919,0.0,1.0658043628024416e-05,7.93750644255042e-06,1.2779934716382043e-14,1.2779934716382043e-14
3.5093301428167314e-11,0.043484688560000005,0.06,0.0,0.0,0.03082823658258908,0.8799955073198401,0.0,0.0,0.0,0.059987942075756966,0.0,1.205792422450064e-05,8.985360300885997e-06,1.853286725882871e-14,1.853286725882871e-14
3.918828355746986e-11,0.043484688560000005,0.06,0.0,0.0,0.030825790893489545,0.8799949834763773,0.0,0.0,0.0,0.05998654407358322,0.0,1.3455926390988185e-05,1.0033047219413211e-05,2.57925596049958e-14,2.57925596049958e-14
4.328326568677241e-11,0.043484688560000005,0.06,0.0,0.0,0.03082334724713537,0.8799944597163072,0.0,0.0,0.0,0.05998514794736896,0.0,1.4852052596312906e-05,1.1080567350382617e-05,3.4732945018337236e-14,3.4732945018337236e-14
4.737824781607496e-11,0.043484688560000005,0.06,0.0,0.0,0.03082090564090859,0.8799939360395541,0.0,0.0,0.0,0.05998375369464844,0.0,1.624630530604987e-05,1.2127920845833717e-05,4.552756420960845e-14,4.552756420960845e-14
5.5568212074680066e-11,0.043484688560000005,0.06,0.0,0.0,0.03081602853838267,0.8799928889356945,0.0,0.0,0.0,0.0599809707998418,0.0,1.9029200084833732e-05,1.4222128537285848e-05,7.337170939037254e-14,7.337170939037254e-14
6.375817633328517e-11,0.043484688560000005,0.06,0.0,0.0,0.030811159565037178,0.8799918421641917,0.0,0.0,0.0,0.059978195369502225,0.0,2.1804630387065983e-05,1.631567150587539e-05,1.1070549679435099e-13,1.1070549679435099e-13
7.194814059189028e-11,0.043484688560000005,0.06,0.0,0.0,0.030806298700052664,0.8799907957244403,0.0,0.0,0.0,0.05997542738402038,0.0,2.4572615820711463e-05,1.8408550960350152e-05,1.5890319368427285e-13,1.5890319368427285e-13
8.013810485049538e-11,0.043484688560000005,0.06,0.0,0.0,0.030801445922664632,0.8799897496158372,0.0,0.0,0.0,0.05997266682383854,0.0,2.7333175942118558e-05,2.050076810611068e-05,2.1933285897211762e-13,2.1933285897211762e-13
8.832806910910048e-11,0.043484688560000005,0.06,0.0,0.0,0.030796601212163432,0.8799887038377806,0.0,0.0,0.0,0.05996991366945049,0.0,3.0086330256160072e-05,2.259232414522066e-05,2.933563685054495e-13,2.933563685054495e-13
9.651803336770558e-11,0.043484688560000005,0.06,0.0,0.0,0.03079176454789408,0.8799876583896704,0.0,0.0,0.0,0.05996716790140129,0.0,3.2832098216368523e-05,2.468322027641692e-05,3.823294393776699e-13,3.823294393776699e-13
9.999999999999999e-11,0.043484688560000005,0.06,0.0,0.0,0.030789710670686858,0.8799872140167929,0.0,0.0,0.0,0.0599660027699492,0.0,3.399722962577369e-05,2.557196598886163e-05,4.2501609983773877e-13,4.2501609983773877e-13
1.0470799762631068e-10,0.043484688560000005,0.06,0.0,0.0,0.030786935909256144,0.8799866132709085,0.0,0.0,0.0,0.05996442950028734,0.0,3.557049922505825e-05,2.677345769511847e-05,4.87601651857186e-13,4.87601651857186e-13
1.1289796188491578e-10,0.043484688560000005,0.06,0.0,0.0,0.03078211527570357,0.8799855684808979,0.0,0.0,0.0,0.059961698446755994,0.0,3.830155263348266e-05,2.8863037593438085e-05,6.10516477590108e-13,6.10516477590108e-13
1.2108792614352087e-10,0.043484688560000005,0.06,0.0,0.0,0.03077730262674454,0.8799845240190436,0.0,0.0,0.0,0.05995897472150563,0.0,4.1025277741965976e-05,3.095196116019202e-05,7.524113031989401e-13,7.524113031989401e-13
1.2927789040212597e-10,0.043484688560000005,0.06,0.0,0.0,0.030772497941941347,0.8799834798847521,0.0,0.0,0.0,0.05995625830528536,0.0,4.374169380003134e-05,3.3040229580909536e-05,9.146174531856155e-13,9.146174531856155e-13
1.456578189193362e-10,0.043484688560000005,0.06,0.0,0.0,0.03076291238332125,0.8799813925964922,0.0,0.0,0.0,0.05995084732318495,0.0,4.915267550978391e-05,3.721480570997491e-05,1.305258854384731e-12,1.305258854384731e-12
1.620377474365464e-10,0.043484688560000005,0.06,0.0,0.0,0.03075335843741815,0.8799793066114036,0.0,0.0,0.0,0.059945465347459086,0.0,5.453465074793774e-05,4.138677539949756e-05,1.7929709329273762e-12,1.7929709329273762e-12
1.784176759537566e-10,0.043484688560000005,0.06,0.0,0.0,0.030743835942663347,0.8799772219247974,0.0,0.0,0.0,0.05994011222591639,0.0,5.988777169542594e-05,4.555614801637759e-05,2.388188471196088e-12,2.388188471196088e-12
1.9479760447096679e-10,0.043484688560000005,0.06,0.0,0.0,0.030734344738339952,0.8799751385320113,0.0,0.0,0.0,0.059934787807165546,0.0,6.521218973320007e-05,4.9722932875866646e-05,3.1012515429646165e-12,3.1012515429646165e-12
2.1117753298817698e-10,0.043484688560000005,0.06,0.0,0.0,0.030724884664578383,0.8799730564284076,0.0,0.0,0.0,0.05992949194061113,0.0,7.050805544645232e-05,5.388713924187773e-05,3.942406261433904e-12,3.942406261433904e-12
2.2755746150538718e-10,0.043484688560000005,0.06,0.0,0.0,0.03071545556235182,0.8799709756093754,0.0,0.0,0.0,0.05992422447644939,0.0,7.577551862880375e-05,5.804877632729235e-05,4.9218055194422884e-12,4.9218055194422884e-12
2.439373900225974e-10,0.043484688560000005,0.06,0.0,0.0,0.03070605727347175,0.879968896070328,0.0,0.0,0.0,0.05991898526566399,0.0,8.101472828648474e-05,6.220785329426662e-05,6.049509726498579e-12,6.049509726498579e-12
2.7669724705701777e-10,0.043484688560000005,0.06,0.0,0.0,0.030687352507161824,0.8799647408139702,0.0,0.0,0.0,0.05990859101206962,0.0,9.140897914075299e-05,7.05183632697152e-05,8.789616590708808e-12,8.789616590708808e-12
3.0618111838799616e-10,0.043484688560000005,0.06,0.0,0.0,0.030670622029186887,0.8799610054153042,0.0,0.0,0.0,0.059899331331426796,0.0,0.00010066865671122523,7.798915752946442e-05,1.1861973968741209e-11,1.1861973968741209e-11
3.3566498971897454e-10,0.043484688560000005,0.06,0.0,0.0,0.03065398896415175,0.8799572740936118,0.0,0.0,0.0,0.059890160909776266,0.0,0.00010983907465658277,8.545179720888957e-05,1.5567148718541108e-11,1.5567148718541108e-11
3.6220047391685506e-10,0.043484688560000005,0.06,0.0,0.0,0.03063910175558687,0.8799539193685334,0.0,0.0,0.0,0.059881983151368584,0.0,0.00011801682914271482,9.216124344456083e-05,1.9488691294419768e-11,1.9488691294419768e-11
3.887359581147356e-10,0.043484688560000005,0.06,0.0,0.0,0.030624292083188495,0.8799505679061976,0.0,0.0,0.0,0.05987387640364142,0.0,0.00012612357235108,9.886416359696205e-05,2.400749095857381e-11,2.400749095857381e-11
4.152714423126161e-10,0.043484688560000005,0.06,0.0,0.0,0.03060955930743674,0.8799472196881044,0.0,0.0,0.0,0.05986584006407597,0.0,0.00013415990676129082,0.00010556059462803563,2.916272603635057e-11,2.916272603635057e-11
4.4180692651049663e-10,0.043484688560000005,0.06,0.0,0.0,0.030594902794260682,0.8799438746959173,0.0,0.0,0.0,0.0598578735352745,0.0,0.0001421264297324943,0.0001122505731723664,3.4992990460302456e-11,3.4992990460302456e-11
4.683424107083771e-10,0.043484688560000005,0.06,0.0,0.0,0.030580321914991385,0.8799405329114616,0.0,0.0,0.0,0.059849976224916494,0.0,0.00015002373354718753,0.00011893413554034645,4.153630127013403e-11,4.153630127013403e-11
4.948778949062577e-10,0.043484688560000005,0.06,0.0,0.0,0.030565816046315506,0.8799371943167242,0.0,0.0,0.0,0.059842147545715374,0.0,0.0001578524054545094,0.00012561131772129426,4.883010598032641e-11,4.883010598032641e-11
5.214133791041382e-10,0.043484688560000005,0.06,0.0,0.0,0.03055138457022912,0.8799338588938511,0.0,0.0,0.0,0.05983438691537542,0.0,0.0001656130277132729,0.00013228215538655126,5.69112898838838e-11,5.69112898838838e-11
5.479488633020187e-10,0.043484688560000005,0.06,0.0,0.0,0.030537026873992068,0.8799305266251455,0.0,0.0,0.0,0.059826693756549254,0.0,0.00017330617763454723,0.00013894668389253907,6.581618324263589e-11,6.581618324263589e-11
5.744843474998992e-10,0.043484688560000005,0.06,0.0,0.0,0.03052274235008264,0.8799271974930678,0.0,0.0,0.0,0.059819067496795456,0.0,0.00018093242762395382,0.00014560493828379224,7.558056840741644e-11,7.558056840741644e-11
6.010198316977798e-10,0.043484688560000005,0.06,0.0,0.0,0.030508530396152662,0.8799238714802321,0.0,0.0,0.0,0.059811507568536766,0.0,0.00018849234522353055,0.00015225695329595338,8.623968683047926e-11,8.623968683047926e-11
6.275553158956603e-10,0.043484688560000005,0.06,0.0,0.0,0.030494390414983006,0.8799205485694066,0.0,0.0,0.0,0.059804013409018454,0.0,0.0001959864931532842,0.0001589027633587416,9.782824600177306e-11,9.782824600177306e-11
6.540908000935408e-10,0.043484688560000005,0.06,0.0,0.0,0.030480321814439448,0.8799172287435103,0.0,0.0,0.0,0.05979658446026723,0.0,0.00020341542935233762,0.00016554240259888608,1.103804262848571e-10,1.103804262848571e-10
6.806262842914213e-10,0.043484688560000005,0.06,0.0,0.0,0.030466324007428956,0.8799139119856135,0.0,0.0,0.0,0.05978922016905033,0.0,0.00021077970701976158,0.00017217590484303264,1.239298876761751e-10,1.239298876761751e-10
7.071617684893018e-10,0.043484688560000005,0.06,0.0,0.0,0.03045239641185632,0.8799105982789349,0.0,0.0,0.0,0.059781919986835186,0.0,0.00021807987465502482,0.00017880330362061742,1.3850977647054125e-10,1.3850977647054125e-10
7.336972526871824e-10,0.043484688560000005,0.06,0.0,0.0,0.030438538450581223,0.8799072876068403,0.0,0.0,0.0,0.05977468336974912,0.0,0.00022531647609812277,0.00018542463216671362,1.5415273184904794e-10,1.5415273184904794e-10
7.602327368850629e-10,0.043484688560000005,0.06,0.0,0.0,0.03042474955137555,0.8799039799528421,0.0,0.0,0.0,0.05976750977853974,0.0,0.00023249005056933812,0.0001920399234248465,1.7089089237716147e-10,1.7089089237716147e-10
7.867682210829434e-10,0.043484688560000005,0.06,0.0,0.0,0.030411029146881263,0.879900675300597,0.0,0.0,0.0,0.059760398678535394,0.0,0.00023960113270867666,0.0001986492100497812,1.8875590242488324e-10,1.8875590242488324e-10
8.133037052808239e-10,0.043484688560000005,0.06,0.0,0.0,0.030397376674568453,0.8798973736339053,0.0,0.0,0.0,0.059753349539606114,0.0,0.00024665025261494774,0.0002052525244102803,2.0777891850095422e-10,2.0777891850095422e-10
8.398391894787044e-10,0.043484688560000005,0.06,0.0,0.0,0.030383791576693936,0.8798940749367089,0.0,0.0,0.0,0.05974636183612484,0.0,0.0002536379358845214,0.00021184989859183377,2.2799061550992565e-10,2.2799061550992565e-10
8.66374673676585e-10,0.043484688560000005,0.06,0.0,0.0,0.030370273300260035,0.8798907791930898,0.0,0.0,0.0,0.05973943504692904,0.0,0.0002605647036497413,0.00021844136439936107,2.494211929266443e-10,2.494211929266443e-10
8.929101578744655e-10,0.043484688560000005,0.06,0.0,0.0,0.03035682129697386,0.87988748638727,0.0,0.0,0.0,0.05973256865528257,0.0,0.00026743107261701624,0.0002250269533598848,2.7210038089452207e-10,2.7210038089452207e-10
9.19445642072346e-10,0.043484688560000005,0.06,0.0,0.0,0.030343435023206883,0.8798841965036087,0.0,0.0,0.0,0.05972576214883796,0.0,0.0002742375551045762,0.00023160669672517745,2.9605744624395174e-10,2.9605744624395174e-10
9.459811262702266e-10,0.043484688560000005,0.06,0.0,0.0,0.030330113939954842,0.8798809095266023,0.0,0.0,0.0,0.059719015019598864,0.0,0.00028098465907990986,0.00023818062547438092,3.213211984356579e-10,3.213211984356579e-10
9.725166104681072e-10,0.043484688560000005,0.06,0.0,0.0,0.03031685751279806,0.8798776254408818,0.0,0.0,0.0,0.059712326763883106,0.0,0.00028767288819687357,0.00024474877031659906,3.47919995426732e-10,3.47919995426732e-10
9.990520946659877e-10,0.043484688560000005,0.06,0.0,0.0,0.030303665211862077,0.8798743442312125,0.0,0.0,0.0,0.05970569688228574,0.0,0.000294302741832488,0.000251311161693464,3.7588174946301403e-10,3.7588174946301403e-10
9.999999999999999e-10,0.043484688560000005,0.06,0.0,0.0,0.03030319513378842,0.8798742270722656,0.0,0.0,0.0,0.05970546112210582,0.0,0.00029453850098800375,0.0002515454785627801,3.7690616396069437e-10,3.7690616396069437e-10
1.0255875788638682e-09,0.043484688560000005,0.06,0.0,0.0,0.030290536511778574,0.8798710658824923,0.0,0.0,0.0,0.059699124879642636,0.0,0.00030087471512341146,0.0002578678297816755,4.05233932796477e-10,4.05233932796477e-10
1.0521230630617487e-09,0.043484688560000005,0.06,0.0,0.0,0.030277470891646733,0.8798677903797507,0.0,0.0,0.0,0.0596926102649943,0.0,0.0003073892990021054,0.0002644188044955158,4.3600358333043343e-10,4.3600358333043343e-10
1.0786585472596292e-09,0.043484688560000005,0.06,0.0,0.0,0.030264467834994885,0.8798645177081469,0.0,0.0,0.0,0.05968615255154997,0.0,0.00031384698023268485,0.00027096411548933733,4.682173101918577e-10,4.682173101918577e-10
1.1051940314575098e-09,0.043484688560000005,0.06,0.0,0.0,0.030251526829742442,0.8798612478529695,0.0,0.0,0.0,0.05967975125665222,0.0,0.00032024824144646273,0.0002775037921600259,5.019012992330647e-10,5.019012992330647e-10
1.1317295156553903e-09,0.043484688560000005,0.06,0.0,0.0,0.03023864736816227,0.8798579807996347,0.0,0.0,0.0,0.05967340590174147,0.0,0.0003265935611771878,0.00028403786364943865,5.370813184625046e-10,5.370813184625046e-10
1.1582649998532708e-09,0.043484688560000005,0.06,0.0,0.0,0.030225828946843284,0.8798547165336853,0.0,0.0,0.0,0.05966711601232127,0.0,0.0003328834138959802,0.0002905663588468177,5.737827234064952e-10,5.737827234064952e-10
1.1848004840511513e-09,0.043484688560000005,0.06,0.0,0.0,0.03021307106665346,0.8798514550407892,0.0,0.0,0.0,0.059660881117923545,0.0,0.0003391182700459662,0.00029708930639117746,6.120304624019614e-10,6.120304624019614e-10
1.2113359682490318e-09,0.043484688560000005,0.06,0.0,0.0,0.03020037323270308,0.8798481963067386,0.0,0.0,0.0,0.05965470075207429,0.0,0.0003452985960766152,0.00030360673467367085,6.518490818217032e-10,6.518490818217032e-10
1.2378714524469124e-09,0.043484688560000005,0.06,0.0,0.0,0.030187734954308355,0.8798449403174485,0.0,0.0,0.0,0.05964857445225946,0.0,0.0003514248544777831,0.0003101186718399287,6.932627312324674e-10,6.932627312324674e-10
1.2644069366447929e-09,0.043484688560000005,0.06,0.0,0.0,0.030175155744955363,0.8798416870589563,0.0,0.0,0.0,0.05964250175989135,0.0,0.000357497503813461,0.00031662514579237677,7.362951684871347e-10,7.362951684871347e-10
1.2909424208426734e-09,0.043484688560000005,0.06,0.0,0.0,0.03016263512226424,0.8798384365174188,0.0,0.0,0.0,0.059636482220274976,0.0,0.00036351699875523616,0.0003231261841925289,7.809697647514419e-10,7.809697647514419e-10
1.317477905040554e-09,0.043484688560000005,0.06,0.0,0.0,0.03015017260795379,0.8798351886791136,0.0,0.0,0.0,0.05963051538257501,0.0,0.00036948379011546404,0.0003296218144632577,8.2730950946639e-10,8.2730950946639e-10
1.3440133892384345e-09,0.043484688560000005,0.06,0.0,0.0,0.030137767727806308,0.8798319435304359,0.0,0.0,0.0,0.05962460079978281,0.0,0.0003753983248801559,0.00033611206379104163,8.753370152468622e-10,8.753370152468622e-10
1.370548873436315e-09,0.043484688560000005,0.06,0.0,0.0,0.03012542001163272,0.8798287010578986,0.0,0.0,0.0,0.05961873802868388,0.0,0.0003812610462415846,0.00034259695912818933,9.250745227174736e-10,9.250745227174736e-10
1.3970843576341955e-09,0.043484688560000005,0.06,0.0,0.0,0.03011312899323807,0.8798254612481303,0.0,0.0,0.0,0.05961292662982546,0.0,0.0003870723936306095,0.0003490765271950422,9.765439052862468e-10,9.765439052862468e-10
1.423619841832076e-09,0.043484688560000005,0.06,0.0,0.0,0.0301008942103873,0.8798222240878755,0.0,0.0,0.0,0.05960716616748459,0.0,0.0003928328027487247,0.0003555507944821542,1.029766673857051e-09,1.029766673857051e-09
1.4501553260299565e-09,0.043484688560000005,0.06,0.0,0.0,0.030088715204771292,0.8798189895639916,0.0,0.0,0.0,0.059601456209636174,0.0,0.00039854270559983176,0.00036201978725245034,1.0847639814814238e-09,1.0847639814814238e-09
1.476690810227837e-09,0.043484688560000005,0.06,0.0,0.0,0.030076591521973173,0.8798157576634498,0.0,0.0,0.0,0.05959579632792162,0.0,0.0004042025305217394,0.000368483531543363,1.1415566279506638e-09,1.1415566279506638e-09
1.5032262944257176e-09,0.043484688560000005,0.06,0.0,0.0,0.030064522711435067,0.8798125283733328,0.0,0.0,0.0,0.059590186097617535,0.0,0.0004098127022173937,0.00037494205316894637,1.2001650643288226e-09,1.2001650643288226e-09
1.5297617786235981e-09,0.043484688560000005,0.06,0.0,0.0,0.030052508326424927,0.8798093016808343,0.0,0.0,0.0,0.05958462509760475,0.0,0.0004153736417858399,0.00038139537772197135,1.2606093974274345e-09,1.2606093974274345e-09
1.5562972628214786e-09,0.043484688560000005,0.06,0.0,0.0,0.030040547924003836,0.8798060775732574,0.0,0.0,0.0,0.059579112910337656,0.0,0.00042088576675291856,0.0003878435305759974,1.3229093942226347e-09,1.3229093942226347e-09
1.5828327470193591e-09,0.043484688560000005,0.06,0.0,0.0,0.030028641064993436,0.8798028560380141,0.0,0.0,0.0,0.0595736491218138,0.0,0.0004263494911016981,0.0003942865368874254,1.3870844862154401e-09,1.3870844862154401e-09
1.6093682312172397e-09,0.043484688560000005,0.06,0.0,0.0,0.030016787313943808,0.8797996370626244,0.0,0.0,0.0,0.059568233321543575,0.0,0.0004317652253026472,0.00040072442159752895,1.4531537737358656e-09,1.4531537737358656e-09
1.6359037154151202e-09,0.043484688560000005,0.06,0.0,0.0,0.03000498623910146,0.8797964206347146,0.0,0.0,0.0,0.059562865102520415,0.0,0.00043713337634354756,0.00040715720943446543,1.521136030191612e-09,1.521136030191612e-09
1.6624391996130007e-09,0.043484688560000005,0.06,0.0,0.0,0.029993237412377704,0.8797932067420176,0.0,0.0,0.0,0.059557544061191126,0.0,0.00044245434775914993,0.00041358492491526774,1.5910497062619834e-09,1.5910497062619834e-09
1.6889746838108812e-09,0.043484688560000005,0.06,0.0,0.0,0.029981540409317272,0.8797899953723697,0.0,0.0,0.0,0.05955226979742648,0.0,0.0004477285396605775,0.0004200075923478154,1.6629129340377614e-09,1.6629129340377614e-09
1.7155101680087618e-09,0.043484688560000005,0.06,0.0,0.0,0.02996989480906721,0.8797867865137118,0.0,0.0,0.0,0.05954704191449198,0.0,0.0004529563487644751,0.0004264252358327863,1.7367435311076668e-09,1.7367435311076668e-09
1.7420456522066423e-09,0.043484688560000005,0.06,0.0,0.0,0.02995830019434603,0.8797835801540878,0.0,0.0,0.0,0.05954186001901907,0.0,0.00045813816842191007,0.00043283787926558947,1.812559004592126e-09,1.812559004592126e-09
1.7685811364045228e-09,0.043484688560000005,0.06,0.0,0.0,0.029946756151413127,0.8797803762816426,0.0,0.0,0.0,0.05953672372097641,0.0,0.00046327438864702435,0.0004392455463382774,1.8903765551249567e-09,1.8903765551249567e-09
1.7951166206024033e-09,0.043484688560000005,0.06,0.0,0.0,0.02993526227003849,0.8797771748846227,0.0,0.0,0.0,0.05953163263364147,0.0,0.000468365396145442,0.0004456482605414412,1.9702130807836664e-09,1.9702130807836664e-09
1.8216521048002838e-09,0.043484688560000005,0.06,0.0,0.0,0.029923818143472655,0.8797739759513745,0.0,0.0,0.0,0.059526586373572374,0.0,0.00047341157434243247,0.00045204604516608523,2.0520851809689773e-09,2.0520851809689773e-09
1.8481875889981644e-09,0.043484688560000005,0.06,0.0,0.0,0.0299124233684169,0.8797707794703428,0.0,0.0,0.0,0.059521584560579995,0.0,0.0004784133034108328,0.0004584389233054837,2.1360091602342343e-09,2.1360091602342343e-09
1.874723073196045e-09,0.043484688560000005,0.06,0.0,0.0,0.02990107754499372,0.8797675854300712,0.0,0.0,0.0,0.059516626817700216,0.0,0.0004833709602987307,0.00046482691785702004,2.2220010320653176e-09,2.2220010320653176e-09
1.9012585573939256e-09,0.043484688560000005,0.06,0.0,0.0,0.029889780276717577,0.8797643938191999,0.0,0.0,0.0,0.05951171277116655,0.0,0.0004882849187569106,0.00047121005152400605,2.3100765226116778e-09,2.3100765226116778e-09
1.9277940415918063e-09,0.043484688560000005,0.06,0.0,0.0,0.029878531170465836,0.8797612046264658,0.0,0.0,0.0,0.05950684205038285,0.0,0.0004931555493660638,0.0004775883468174845,2.4002510743691174e-09,2.4002510743691174e-09
1.954329525789687e-09,0.043484688560000005,0.06,0.0,0.0,0.029867329836450053,0.8797580178407012,0.0,0.0,0.0,0.059502014287896365,0.0,0.0004979832195637671,0.00048396182605801353,2.492539849814921e-09,2.492539849814921e-09
1.9808650099875678e-09,0.043484688560000005,0.06,0.0,0.0,0.029856175888187408,0.8797548334508326,0.0,0.0,0.0,0.059497229119371026,0.0,0.0005027682936712289,0.0004903305113774335,2.586957734995922e-09,2.586957734995922e-09
2.0074004941854485e-09,0.043484688560000005,0.06,0.0,0.0,0.029845068942472425,0.8797516514458801,0.0,0.0,0.0,0.05949248618356084,0.0,0.000507511132919806,0.000496694424720616,2.683519343070117e-09,2.683519343070117e-09
2.0339359783833292e-09,0.043484688560000005,0.06,0.0,0.0,0.029834008619349008,0.8797484718149569,0.0,0.0,0.0,0.05948778512228367,0.0,0.0005122120954772964,0.0005030535878471963,2.7822390178024014e-09,2.7822390178024014e-09
2.06047146258121e-09,0.043484688560000005,0.06,0.0,0.0,0.029822994542082572,0.879745294547268,0.0,0.0,0.0,0.05948312558039514,0.0,0.0005168715364740017,0.0005094080223332885,2.8831308370150006e-09,2.8831308370150006e-09
2.0870069467790907e-09,0.043484688560000005,0.06,0.0,0.0,0.02981202633713255,0.8797421196321091,0.0,0.0,0.0,0.059478507205762796,0.0,0.0005214898080285726,0.0005157577495731832,2.986208615993176e-09,2.986208615993176e-09
2.1135424309769714e-09,0.043484688560000005,0.06,0.0,0.0,0.029801103634125064,0.8797389470588665,0.0,0.0,0.0,0.05947392964924045,0.0,0.0005260672592736275,0.0005221027907810295,3.0914859108467557e-09,3.0914859108467557e-09
2.140077915174852e-09,0.043484688560000005,0.06,0.0,0.0,0.029790226065825837,0.8797357768170156,0.0,0.0,0.0,0.059469392564642815,0.0,0.0005306042363811559,0.0005284431669925,3.1989760218280713e-09,3.1989760218280713e-09
2.166613399372733e-09,0.043484688560000005,0.06,0.0,0.0,0.0297793932681134,0.8797326088961207,0.0,0.0,0.0,0.059464895608720286,0.0,0.0005351010825877022,0.0005347788990664387,3.3086919966068128e-09,3.3086919966068128e-09
2.1931488835706136e-09,0.043484688560000005,0.06,0.0,0.0,0.029768604879952445,0.8797294432858335,0.0,0.0,0.0,0.059460438441134016,0.0,0.0005395581382193347,0.0005411100076864952,3.4206466335023835e-09,3.4206466335023835e-09
2.2196843677684943e-09,0.043484688560000005,0.06,0.0,0.0,0.02975786054336743,0.8797262799758924,0.0,0.0,0.0,0.0594560207244311,0.0,0.0005439757407164006,0.0005474365133627396,3.5348524846742565e-09,3.5348524846742565e-09
2.246219851966375e-09,0.043484688560000005,0.06,0.0,0.0,0.029747159903416486,0.8797231189561223,0.0,0.0,0.0,0.05945164212402006,0.0,0.0005483542246580703,0.0005537584364332633,3.6513218592708975e-09,3.6513218592708975e-09
2.272755336164256e-09,0.043484688560000005,0.06,0.0,0.0,0.029736502608165453,0.8797199602164337,0.0,0.0,0.0,0.059447302308146474,0.0,0.0005526939217866703,0.0005600757970657652,3.7700668265377364e-09,3.7700668265377364e-09
2.2992908203621365e-09,0.043484688560000005,0.06,0.0,0.0,0.02972588830866217,0.8797168037468208,0.0,0.0,0.0,0.05944300094786895,0.0,0.0005569951610318086,0.0005663886152591203,3.8910992188847436e-09,3.8910992188847436e-09
2.3258263045600173e-09,0.043484688560000005,0.06,0.0,0.0,0.029715316658911035,0.8797136495373622,0.0,0.0,0.0,0.059438737717035055,0.0,0.0005612582685342941,0.0005726969108449344,4.014430634914089e-09,4.014430634914089e-09
2.352361788757898e-09,0.043484688560000005,0.06,0.0,0.0,0.02970478731584772,0.8797104975782192,0.0,0.0,0.0,0.05943451229225767,0.0,0.0005654835676698508,0.0005790007034890833,4.140072442408418e-09,4.140072442408418e-09
2.3788972729557787e-09,0.043484688560000005,0.06,0.0,0.0,0.029694299939314113,0.8797073478596353,0.0,0.0,0.0,0.05943032435289156,0.0,0.0005696713790726291,0.0005853000126932358,4.268035781280206e-09,4.268035781280206e-09
2.4054327571536594e-09,0.043484688560000005,0.06,0.0,0.0,0.02968385419203352,0.879704200371936,0.0,0.0,0.0,0.0594261735810099,0.0,0.0005738220206585174,0.0005915948577963647,4.398331566482722e-09,4.398331566482722e-09
2.43196824135154e-09,0.043484688560000005,0.06,0.0,0.0,0.029673449739586067,0.8797010551055265,0.0,0.0,0.0,0.05942205966138124,0.0,0.0005779358076482527,0.00059788525797624,4.530970490883053e-09,4.530970490883053e-09
2.458503725549421e-09,0.043484688560000005,0.06,0.0,0.0,0.029663086250384236,0.8796979120508929,0.0,0.0,0.0,0.05941798228144662,0.0,0.0005820130525903344,0.0006041712322509097,4.665963028097692e-09,4.665963028097692e-09
2.4850392097473016e-09,0.043484688560000005,0.06,0.0,0.0,0.029652763395648762,0.8796947711986001,0.0,0.0,0.0,0.05941394113129681,0.0,0.000586054065383742,0.0006104527994801651,4.803319435291155e-09,4.803319435291155e-09
2.5115746939451824e-09,0.043484688560000005,0.06,0.0,0.0,0.029642480849384575,0.8796916325392916,0.0,0.0,0.0,0.05940993590364978,0.0,0.0005900591533004598,0.0006167299783669922,4.943049755938089e-09,4.943049755938089e-09
2.538110178143063e-09,0.043484688560000005,0.06,0.0,0.0,0.029632238288357076,0.8796884960636885,0.0,0.0,0.0,0.05940596629382836,0.0,0.0005940286210078067,0.0006230027874590092,5.085163822549342e-09,5.085163822549342e-09
2.564645662340944e-09,0.043484688560000005,0.06,0.0,0.0,0.029622035392068556,0.8796853617625896,0.0,0.0,0.0,0.05940203199973815,0.0,0.0005979627705905778,0.0006292712451498907,5.229671259362442e-09,5.229671259362442e-09
2.5911811465388245e-09,0.043484688560000005,0.06,0.0,0.0,0.0296118718427348,0.879682229626869,0.0,0.0,0.0,0.059398132721845506,0.0,0.0006018619015729938,0.0006355353696807754,5.376581484996962e-09,5.376581484996962e-09
2.6177166307367053e-09,0.043484688560000005,0.06,0.0,0.0,0.029601747325261978,0.8796790996474775,0.0,0.0,0.0,0.0593942681631558,0.0,0.0006057263109404667,0.0006417951791416641,5.525903715075161e-09,5.525903715075161e-09
2.644252114934586e-09,0.043484688560000005,0.06,0.0,0.0,0.029591661527223635,0.8796759718154402,0.0,0.0,0.0,0.05939043802919183,0.0,0.0006095562931611757,0.0006480506914728013,5.677646964808405e-09,5.677646964808405e-09
2.6707875991324667e-09,0.043484688560000005,0.06,0.0,0.0,0.02958161413883793,0.8796728461218571,0.0,0.0,0.0,0.05938664202797247,0.0,0.0006133521402074616,0.0006543019244660447,5.8318200515497645e-09,5.8318200515497645e-09
2.6973230833303475e-09,0.043484688560000005,0.06,0.0,0.0,0.02957160485294509,0.8796697225579012,0.0,0.0,0.0,0.059382879869991356,0.0,0.0006171141415770361,0.0006605488957662207,5.988431597313216e-09,5.988431597313216e-09
2.723858567528228e-09,0.043484688560000005,0.06,0.0,0.0,0.029561633364984994,0.8796666011148189,0.0,0.0,0.0,0.05937915126819594,0.0,0.0006208425843140126,0.0006667916228724674,6.147490031259891e-09,6.147490031259891e-09
2.750394051726109e-09,0.043484688560000005,0.06,0.0,0.0,0.02955169937297504,0.8796634817839285,0.0,0.0,0.0,0.059375455937966636,0.0,0.0006245377530297546,0.0006730301231395653,6.309003592151776e-09,6.309003592151776e-09
2.7769295359239896e-09,0.043484688560000005,0.06,0.0,0.0,0.029541802577488077,0.8796603645566202,0.0,0.0,0.0,0.05937179359709611,0.0,0.000628199929923549,0.000679264413779253,6.472980330773277e-09,6.472980330773277e-09
2.8034650201218704e-09,0.043484688560000005,0.06,0.0,0.0,0.029531942681630688,0.8796572494243553,0.0,0.0,0.0,0.05936816396576877,0.0,0.0006318293948030985,0.000685494511861533,6.639428112321071e-09,6.639428112321071e-09
2.830000504319751e-09,0.043484688560000005,0.06,0.0,0.0,0.029522119391021496,0.8796541363786647,0.0,0.0,0.0,0.05936456676654052,0.0,0.000635426425104845,0.0006917204343159627,6.808354618762627e-09,6.808354618762627e-09
2.856535988517632e-09,0.043484688560000005,0.06,0.0,0.0,0.02951233241376979,0.8796510254111499,0.0,0.0,0.0,0.05936100172431851,0.0,0.0006389912959141134,0.0006979421979329344,6.979767351163809e-09,6.979767351163809e-09
2.8830714727155125e-09,0.043484688560000005,0.06,0.0,0.0,0.029502581460454248,0.879647916513481,0.0,0.0,0.0,0.05935746856634127,0.0,0.0006425242799850882,0.0007041598193649423,7.153673631985947e-09,7.153673631985947e-09
2.9096069569133933e-09,0.043484688560000005,0.06,0.0,0.0,0.029492866244101874,0.8796448096773959,0.0,0.0,0.0,0.05935396702215876,0.0,0.0006460256477606167,0.0007103733151278374,7.330080607352765e-09,7.330080607352765e-09
2.936142441111274e-09,0.043484688560000005,0.06,0.0,0.0,0.02948318648016713,0.8796417048947014,0.0,0.0,0.0,0.05935049682361289,0.0,0.0006494956673918439,0.0007165827016020707,7.508995249287566e-09,7.508995249287566e-09
2.9626779253091547e-09,0.043484688560000005,0.06,0.0,0.0,0.029473541886511224,0.8796386021572711,0.0,0.0,0.0,0.059347057704817956,0.0,0.0006529346047576803,0.0007227879950339241,7.690424357921009e-09,7.690424357921009e-09
2.9892134095070355e-09,0.043484688560000005,0.06,0.0,0.0,0.029463932183381582,0.8796355014570446,0.0,0.0,0.0,0.05934364940214132,0.0,0.0006563427234841033,0.0007289892115367302,7.874374563669923e-09,7.874374563669923e-09
3.015748893704916e-09,0.043484688560000005,0.06,0.0,0.0,0.029454357093391507,0.8796324027860281,0.0,0.0,0.0,0.05934027165418436,0.0,0.0006597202849632934,0.0007351863670920792,8.06085232938742e-09,8.06085232938742e-09
3.042284377902797e-09,0.043484688560000005,0.06,0.0,0.0,0.029444816341500014,0.8796293061362928,0.0,0.0,0.0,0.05933692420176342,0.0,0.0006630675483726075,0.0007413794775510155,8.249863952484827e-09,8.249863952484827e-09
3.0688198621006776e-09,0.043484688560000005,0.06,0.0,0.0,0.029435309654991793,0.8796262114999749,0.0,0.0,0.0,0.05933360678789103,0.0,0.0006663847706933902,0.0007475685586352226,8.441415567025624e-09,8.441415567025624e-09
3.0953553462985584e-09,0.043484688560000005,0.06,0.0,0.0,0.029425836763457433,0.8796231188692746,0.0,0.0,0.0,0.05933031915775721,0.0,0.0006696722067296255,0.000753753625938195,8.635513145791872e-09,8.635513145791872e-09
3.121890830496439e-09,0.043484688560000005,0.06,0.0,0.0,0.029416397398773712,0.8796200282364558,0.0,0.0,0.0,0.059327061058711064,0.0,0.0006729301091264272,0.0007599346949264024,8.832162502323431e-09,8.832162502323431e-09
3.14842631469432e-09,0.043484688560000005,0.06,0.0,0.0,0.02940699129508415,0.8796169395938455,0.0,0.0,0.0,0.059323832240242326,0.0,0.000676158728388374,0.0007661117809404396,9.031369292930312e-09,9.031369292930312e-09
3.1749617988922006e-09,0.043484688560000005,0.06,0.0,0.0,0.02939761818877966,0.8796138529338327,0.0,0.0,0.0,0.05932063245396328,0.0,0.0006793583128976861,0.0007722848991961669,9.233139018678533e-09,9.233139018678533e-09
3.2014972830900813e-09,0.043484688560000005,0.06,0.0,0.0,0.02938827781847941,0.8796107682488687,0.0,0.0,0.0,0.05931746145359071,0.0,0.0006825291089322482,0.0007784540647858385,9.437477027349771e-09,9.437477027349771e-09
3.228032767287962e-09,0.043484688560000005,0.06,0.0,0.0,0.02937896992501182,0.8796076855314664,0.0,0.0,0.0,0.059314318994927985,0.0,0.0006856713606834787,0.0007846192926792228,9.64438851537522e-09,9.64438851537522e-09
3.2545682514858427e-09,0.043484688560000005,0.06,0.0,0.0,0.029369694251395732,0.8796046047741987,0.0,0.0,0.0,0.05931120483584741,0.0,0.0006887853102740458,0.0007907805977247086,9.853878529743882e-09,9.853878529743882e-09
3.2811037356837235e-09,0.043484688560000005,0.06,0.0,0.0,0.02936045054282177,0.8796015259696991,0.0,0.0,0.0,0.05930811873627259,0.0,0.0006918711977754325,0.0007969379946504037,1.006595196988573e-08,1.006595196988573e-08
3.307639219881604e-09,0.043484688560000005,0.06,0.0,0.0,0.029351238546633796,0.8795984491106608,0.0,0.0,0.0,0.059305060458161044,0.0,0.0006949292612253515,0.0008030914980652198,1.028061358952997e-08,1.028061358952997e-08
3.334174704079485e-09,0.043484688560000005,0.06,0.0,0.0,0.029342058012310587,0.8795953741898362,0.0,0.0,0.0,0.059302029765486965,0.0,0.0006979597366450147,0.0008092411224599522,1.049786799853877e-08,1.049786799853877e-08
3.3607101882773657e-09,0.043484688560000005,0.06,0.0,0.0,0.02933290869144762,0.8795923012000365,0.0,0.0,0.0,0.05929902642422406,0.0,0.00070096285805625,0.0008153868822083437,1.0717719664716775e-08,1.0717719664716775e-08
3.3872456724752464e-09,0.043484688560000005,0.06,0.0,0.0,0.0293237903377391,0.8795892301341297,0.0,0.0,0.0,0.059296050202328594,0.0,0.0007039388574984773,0.0008215287915681413,1.0940172915596693e-08,1.0940172915596693e-08
3.413781156673127e-09,0.043484688560000005,0.06,0.0,0.0,0.029314702706959985,0.879586160985043,0.0,0.0,0.0,0.05929310086972252,0.0,0.0007068879650455367,0.0008276668646821435,1.1165231940201235e-08,1.1165231940201235e-08
3.440316640871008e-09,0.043484688560000005,0.06,0.0,0.0,0.029305645556948354,0.8795830937457602,0.0,0.0,0.0,0.059290178198276824,0.0,0.0007098104088223737,0.000833801115579236,1.1392900790781836e-08,1.1392900790781836e-08
3.4668521250688886e-09,0.043484688560000005,0.06,0.0,0.0,0.02929661864758777,0.8795800284093207,0.0,0.0,0.0,0.05928728196179503,0.0,0.0007127064150215843,0.0008399315581754184,1.1623183384534244e-08,1.1623183384534244e-08
3.4933876092667693e-09,0.043484688560000005,0.06,0.0,0.0,0.02928762174078989,0.879576964968821,0.0,0.0,0.0,0.05928441193599668,0.0,0.0007155762079198159,0.0008460582062748205,1.1856083505291498e-08,1.1856083505291498e-08
3.51992309346465e-09,0.043484688560000005,0.06,0.0,0.0,0.029278654600477193,0.8795739034174125,0.0,0.0,0.0,0.05928156789850115,0.0,0.0007184200098940304,0.0008521810735707105,1.2091604805194424e-08,1.2091604805194424e-08
3.5464585776625307e-09,0.043484688560000005,0.06,0.0,0.0,0.029269716992565812,0.8795708437483016,0.0,0.0,0.0,0.05927874962881156,0.0,0.0007212380414376284,0.0008583001736464923,1.2329750806340029e-08,1.2329750806340029e-08
3.5729940618604115e-09,0.043484688560000005,0.06,0.0,0.0,0.02926080868494861,0.8795677859547494,0.0,0.0,0.0,0.05927595690829866,0.0,0.000724030521176436,0.0008644155199766941,1.2570524902407997e-08,1.2570524902407997e-08
3.599529546058292e-09,0.043484688560000005,0.06,0.0,0.0,0.02925192944747832,0.8795647300300712,0.0,0.0,0.0,0.059273189520185086,0.0,0.0007267976658845544,0.0008705271259279467,1.2813930360265674e-08,1.2813930360265674e-08
3.626065030256173e-09,0.043484688560000005,0.06,0.0,0.0,0.029243079051950872,0.8795616759676352,0.0,0.0,0.0,0.05927044724952959,0.0,0.0007295396905000766,0.0008766350047599544,1.3059970321551716e-08,1.3059970321551716e-08
3.6526005144540537e-09,0.043484688560000005,0.06,0.0,0.0,0.029234257272088813,0.8795586237608632,0.0,0.0,0.0,0.05926772988321152,0.0,0.0007322568081406676,0.0008827391696264545,1.3308647804238739e-08,1.3308647804238739e-08
3.6791359986519344e-09,0.043484688560000005,0.06,0.0,0.0,0.029225463883524958,0.8795555734032294,0.0,0.0,0.0,0.05926503720991528,0.0,0.0007349492301190138,0.0008888396335761701,1.3559965704175202e-08,1.3559965704175202e-08
3.705671482849815e-09,0.043484688560000005,0.06,0.0,0.0,0.029216698663786064,0.8795525248882601,0.0,0.0,0.0,0.05926236902011506,0.0,0.00073761716595814,0.0008949364095537521,1.3813926796606851e-08,1.3813926796606851e-08
3.732206967047696e-09,0.043484688560000005,0.06,0.0,0.0,0.02920796139227676,0.8795494782095331,0.0,0.0,0.0,0.05925972510605966,0.0,0.0007402608234065959,0.0009010295104007127,1.4070533737677893e-08,1.4070533737677893e-08
3.7587424512455766e-09,0.043484688560000005,0.06,0.0,0.0,0.02919925185026355,0.8795464333606776,0.0,0.0,0.0,0.05925710526175742,0.0,0.0007428804084535135,0.0009071189488563515,1.4329789065912238e-08,1.4329789065912238e-08
3.785277935443457e-09,0.043484688560000005,0.06,0.0,0.0,0.029190569820858932,0.8795433903353734,0.0,0.0,0.0,0.05925450928296125,0.0,0.0007454761253435359,0.0009132047375586709,1.459169520367506e-08,1.459169520367506e-08
3.811813419641338e-09,0.043484688560000005,0.06,0.0,0.0,0.029181915089005722,0.8795403491273507,0.0,0.0,0.0,0.059251936967153904,0.0,0.0007480481765916197,0.0009192868890452839,1.4856254458614891e-08,1.4856254458614891e-08
3.8648843880370995e-09,0.043484688560000005,0.06,0.0,0.0,0.02916468666678325,0.8795342721383171,0.0,0.0,0.0,0.059246862522997955,0.0,0.0007531220836610539,0.0009314403300252698,1.5393340985518616e-08,1.5393340985518616e-08
3.912648259593285e-09,0.043484688560000005,0.06,0.0,0.0,0.029149272323881686,0.8795288090014022,0.0,0.0,0.0,0.05924237445392658,0.0,0.0007576096602600331,0.0009423661113830827,1.5885813371948103e-08,1.5885813371948103e-08
3.96041213114947e-09,0.043484688560000005,0.06,0.0,0.0,0.029133943162498763,0.8795233516572177,0.0,0.0,0.0,0.059237959980912726,0.0,0.00076202363217461,0.0009532802986528655,1.6386912651949366e-08,1.6386912651949366e-08
4.008176002705655e-09,0.043484688560000005,0.06,0.0,0.0,0.029118697992580107,0.8795179000709558,0.0,0.0,0.0,0.05923361798351748,0.0,0.0007663651198341916,0.0009641829614406113,1.6896648318864546e-08,1.6896648318864546e-08
4.05593987426184e-09,0.043484688560000005,0.06,0.0,0.0,0.029103535642077738,0.8795124542083019,0.0,0.0,0.0,0.05922934735832294,0.0,0.0007706352266482836,0.0009750741683679803,1.74150287703138e-08,1.74150287703138e-08
4.103703745818025e-09,0.043484688560000005,0.06,0.0,0.0,0.029088454956673875,0.8795070140354255,0.0,0.0,0.0,0.0592251470186718,0.0,0.0007748350392668539,0.0009859539870881518,1.7942061332557118e-08,1.7942061332557118e-08
4.15146761737421e-09,0.043484688560000005,0.06,0.0,0.0,0.029073454799511983,0.8795015795189733,0.0,0.0,0.0,0.059221015894413934,0.0,0.0007789656278337759,0.0009968224843012203,1.847775228383828e-08,1.847775228383828e-08
4.1992314889303955e-09,0.043484688560000005,0.06,0.0,0.0,0.029058534050929813,0.8794961506260622,0.0,0.0,0.0,0.05921695293165461,0.0,0.0007830280462385082,0.0010076797257694667,1.9022106877467977e-08,1.9022106877467977e-08
4.246995360486581e-09,0.043484688560000005,0.06,0.0,0.0,0.02904369160819637,0.8794907273242694,0.0,0.0,0.0,0.05921295709250658,0.0,0.000787023332364054,0.0010185257763323918,1.9575129364374853e-08,1.9575129364374853e-08
4.294759232042766e-09,0.043484688560000005,0.06,0.0,0.0,0.029028926385255262,0.8794853095816282,0.0,0.0,0.0,0.059209027354848065,0.0,0.0007909525083289148,0.001029360699921341,2.0136823014804197e-08,2.0136823014804197e-08
4.342523103598951e-09,0.043484688560000005,0.06,0.0,0.0,0.02901423731246931,0.8794798973666181,0.0,0.0,0.0,0.05920516271208197,0.0,0.0007948165807278896,0.0010401845595740668,2.0707190139856464e-08,2.0707190139856464e-08
4.390286975155136e-09,0.043484688560000005,0.06,0.0,0.0,0.028999623336369008,0.8794744906481597,0.0,0.0,0.0,0.05920136217289861,0.0,0.000798616540869277,0.0010509974174490423,2.1286232112522465e-08,2.1286232112522465e-08
4.438050846711321e-09,0.043484688560000005,0.06,0.0,0.0,0.028985083419407986,0.8794690893956059,0.0,0.0,0.0,0.059197624761045155,0.0,0.0008023533650054469,0.0010617993348393437,2.1873949387781763e-08,2.1873949387781763e-08
4.485814718267506e-09,0.043484688560000005,0.06,0.0,0.0,0.02897061653971965,0.8794636935787363,0.0,0.0,0.0,0.05919394951509608,0.0,0.0008060280145623902,0.001072590372186465,2.2470341522565917e-08,2.2470341522565917e-08
4.5335785898236915e-09,0.043484688560000005,0.06,0.0,0.0,0.028956221690876836,0.8794583031677498,0.0,0.0,0.0,0.05919033548822643,0.0,0.0008096414363663821,0.0010833705890939435,2.3075407195338848e-08,2.3075407195338848e-08
4.581342461379877e-09,0.043484688560000005,0.06,0.0,0.0,0.028941897881657786,0.8794529181332579,0.0,0.0,0.0,0.059186781747991066,0.0,0.0008131945628647125,0.001094140044340602,2.3689144224869282e-08,2.3689144224869282e-08
4.629106332936062e-09,0.043484688560000005,0.06,0.0,0.0,0.02892764413581386,0.8794475384462785,0.0,0.0,0.0,0.05918328737610557,0.0,0.0008166883123448317,0.0011048987958936789,2.43115495887797e-08,2.43115495887797e-08
4.676870204492247e-09,0.043484688560000005,0.06,0.0,0.0,0.028913459491840703,0.8794421640782297,0.0,0.0,0.0,0.05917985146823034,0.0,0.0008201235891502153,0.0011156469009217533,2.494261944165575e-08,2.494261944165575e-08
4.724634076048432e-09,0.043484688560000005,0.06,0.0,0.0,0.028899343002754044,0.8794367950009222,0.0,0.0,0.0,0.059176473133759004,0.0,0.00082350128389186,0.0011263844158073805,2.5582349132586612e-08,2.5582349132586612e-08
4.772397947604617e-09,0.043484688560000005,0.06,0.0,0.0,0.028885293735869285,0.879431431186554,0.0,0.0,0.0,0.05917315149561047,0.0,0.0008268222736563059,0.001137111396159507,2.6230733222256144e-08,2.6230733222256144e-08
4.820161819160802e-09,0.043484688560000005,0.06,0.0,0.0,0.028871310772583078,0.8794260726077048,0.0,0.0,0.0,0.05916988569002279,0.0,0.0008300874222117086,0.00114782789682576,2.6887765499776422e-08,2.6887765499776422e-08
4.8679256907169875e-09,0.043484688560000005,0.06,0.0,0.0,0.028857393208157354,0.8794207192373285,0.0,0.0,0.0,0.05916667486634938,0.0,0.0008332975802116122,0.0011585339719045829,2.7553438999217785e-08,2.7553438999217785e-08
4.915689562273173e-09,0.043484688560000005,0.06,0.0,0.0,0.028843540151507932,0.8794153710487486,0.0,0.0,0.0,0.0591635181868595,0.0,0.0008364535853944791,0.001169229674757103,2.822774601559575e-08,2.822774601559575e-08
4.963453433829358e-09,0.043484688560000005,0.06,0.0,0.0,0.02882975072499897,0.8794100280156518,0.0,0.0,0.0,0.05916041482654417,0.0,0.0008395562627776959,0.0011799150580186406,2.891067812015995e-08,2.891067812015995e-08
5.011217305385543e-09,0.043484688560000005,0.06,0.0,0.0,0.028816024064237087,0.879404690112082,0.0,0.0,0.0,0.05915736397292195,0.0,0.0008426064248518696,0.0011905901736102406,2.960222617572742e-08,2.960222617572742e-08
5.058981176941728e-09,0.043484688560000005,0.06,0.0,0.0,0.02880235931786758,0.8793993573124351,0.0,0.0,0.0,0.059154364825846455,0.0,0.0008456048717731897,0.0012012550727500796,3.030238035178129e-08,3.030238035178129e-08
5.106745048497913e-09,0.043484688560000005,0.06,0.0,0.0,0.028788755647377325,0.8793940295914531,0.0,0.0,0.0,0.059151416597320386,0.0,0.0008485523915494798,0.001211909805964466,3.101113013877416e-08,3.101113013877416e-08
5.154508920054098e-09,0.043484688560000005,0.06,0.0,0.0,0.028775212226899657,0.8793887069242188,0.0,0.0,0.0,0.0591485185113112,0.0,0.0008514497602244394,0.0012225544230987282,3.1728464362204973e-08,3.1728464362204973e-08
5.2022727916102835e-09,0.043484688560000005,0.06,0.0,0.0,0.028761728243021555,0.8793833892861507,0.0,0.0,0.0,0.05914566980356917,0.0,0.0008542977420596463,0.0012331889733279595,3.245437119643318e-08,3.245437119643318e-08
